excluded_series,description,low_minus_high_income_pp
AG_FOOD_WST,Food waste (Tonnes),7.1
AG_FPA_CFPI,"Indicator of Food Price Anomalies (IFPA), by Consumer Food Price Index",7.12
AG_LND_DGRD,Proportion of land that is degraded over total land area (%),7.14
AG_LND_FRST,Forest area as a proportion of total land area (%),7.14
AG_LND_FRSTCERT,Forest area certified under an independently verified certification scheme (thousands of hectares),7.14
AG_LND_SUST_PRXCSS,"[PROXY] Progress toward productive and sustainable agriculture, current status score",7.17
AG_PRD_AGVAS,Agriculture value added share of GDP (%),7.13
AG_PRD_FIESMS,Prevalence of moderate or severe food insecurity in the population (%),7.15
AG_PRD_XSUBDY,Agricultural export subsidies (millions of current United States dollars),7.13
BN_CAB_XOKA_GD_ZS,Current account balance as a proportion of GDP (%),7.0
BX_TRF_PWKR,Volume of remittances (in United States dollars) as a proportion of total GDP (%),7.04
DC_ENVTECH_IMP,Amount of tracked imported Environmentally Sound Technologies (current United States dollars),6.96
DC_FTA_TOTAL,Total official development assistance (gross disbursement) for technical cooperation (millions of 2024 United States dollars),7.49
DC_TOF_URBINFRA,Total official development assistance and other official flows in support of urban infrastructure or urban infrastructure projects (millions of constant 2023 United States dollars),7.21
DI_ILL_IN,Total value of inward illicit financial flows,7.17
DT_TDS_DECT,"Debt service as a proportion of exports of goods, services and primary income (%)",7.35
EG_ACS_ELEC,"Proportion of population with access to electricity, by urban/rural (%)",7.14
EG_EGY_CLEAN,Proportion of population with primary reliance on clean fuels and technology (%),7.15
EG_EGY_PRIM,Energy intensity level of primary energy (megajoules per constant 2021 purchasing power parity GDP),7.19
EG_EGY_RNEW,Installed renewable electricity-generating capacity (watts per capita),7.16
EG_FEC_RNEW,Renewable energy share in the total final energy consumption (%),7.19
EG_IFF_RANDN,"International financial flows to developing countries in support of clean energy research and development and renewable energy production, including in hybrid systems (millions of constant 2023 United States dollars)",7.45
EG_TBA_H2CO,Proportion of transboundary basins (river and lake basins and aquifers) with an operational arrangement for water cooperation (%),7.14
EN_ACS_URB_OPENSP,Average share of urban population with convenient access to open public spaces (%),7.14
EN_ATM_CO2,Carbon dioxide emissions from fuel combustion (millions of tonnes),7.05
EN_ATM_GHGT_WLU,Total greenhouse gas emissions with LULUCF (Mt CO₂ equivalent),7.02
EN_ATM_PM25,"Annual mean levels of fine particulate matter (population-weighted), by location (micrograms per cubic meter)",7.14
EN_EWT_RCYPCAP,"Electronic waste recycled, per capita (Kg)",6.88
EN_H2O_WBAMBQ,Proportion of bodies of water with good ambient water quality (%),7.12
EN_LKRV_PWAC,Lakes and rivers permanent water area change (%),7.15
EN_LND_CNSPOP,Ratio of land consumption rate to population growth rate,7.12
EN_LND_INDQTHSNG,Proportion of urban population living in inadequate housing (%),6.9
EN_MAR_CHLANM,"Chlorophyll-a anomaly, remote sensing (%)",7.08
EN_MAT_DOMCMPC,"Domestic material consumption per capita, by type of raw material (tonnes)",7.14
EN_REF_WASCOL,"Municipal Solid Waste collection coverage, by cities (%)",7.08
EN_SCP_FRMN,"Number of companies publishing sustainability reports with disclosure by dimension, by level of requirement (Number)",6.95
EN_TWT_GENV,"Total waste generation, by activity (Tonnes)",7.05
EN_WWT_WWDS,Proportion of safely treated domestic wastewater flows (%),7.09
ER_BDY_ABT2NP,Countries that established national targets in accordance with Aichi Biodiversity Target 2 of the Strategic Plan for Biodiversity 2011-2020 in their National Biodiversity Strategy and Action Plans (1 = YES; 0 = NO),7.14
ER_CBD_PTYPGRFA,Countries that are contracting Parties to the International Treaty on Plant Genetic Resources for Food and Agriculture (PGRFA) (1 = YES; 0 = NO),7.14
ER_FFS_CMPT_GDP,Fossil-fuel subsidies (consumption and production) as a proportion of total GDP (%),7.16
ER_GRF_ANIMKPT_TRB,Number of transboundary breeds (including extinct ones),7.17
ER_H2O_IWRMD,Degree of integrated water resources management implementation (%),7.14
ER_H2O_PRDU,"Countries with procedures in law or policy for participation by service users/communities in planning program in rural drinking-water supply, by level of definition in procedures (10 = Clearly defined; 5 = Not clearly defined ; 0 = NA)",7.24
ER_H2O_STRESS,Level of water stress: freshwater withdrawal as a proportion of available freshwater resources (%),7.17
ER_H2O_WUEYST,Water Use Efficiency (United States dollars per cubic meter),7.16
ER_IAS_LEGIS,"Legislation, Regulation, Act related to the prevention of introduction and management of Invasive Alien Species (1 = YES, 0 = NO)",7.15
ER_NOEX_TRBBREDN,Number of transboundary breeds (not extinct) (number),7.17
ER_PTD_TERR,Average proportion of Terrestrial Key Biodiversity Areas (KBAs) covered by protected areas (%),7.16
ER_REG_UNFCIM,"Progress by countries in the degree of implementation of international instruments aiming to combat illegal, unreported and unregulated fishing (level of implementation: 1 lowest to 5 highest)",7.13
ER_RSK_LST,Red List Index,7.14
ER_UNCLOS_IMPLE,Score for the implementation of UNCLOS and its two implementing agreements (%),7.1
ER_WLD_TRPOACH,Proportion of traded wildlife that was poached or illicitly trafficked,7.12
FB_ATM_TOTL,"Number of automated teller machines (ATMs) per 100,000 adults",7.02
FB_BNK_ACCSS,"Proportion of adults (15 years and older) with an account at a financial institution or mobile-money-service provider, by sex (% of adults aged 15 years and older)",7.11
FC_ACC_SSID,Proportion of small-scale industries with a loan or line of credit (%),7.16
FI_FSI_FSKRTC,Regulatory Tier 1 capital to risk-weighted assets (%),6.98
GB_POP_SCIERD,"Researchers (in full-time equivalent) per million inhabitants (per 1,000,000 population)",6.96
GB_XPD_CULNAT_PB,"Total expenditure per capita spent on cultural and natural heritage, public (PPP, constant 2017 United States dollars)",7.01
GB_XPD_RSDV,Research and development expenditure as a proportion of GDP (%),6.95
GC_GOB_TAXD,Proportion of domestic budget funded by domestic taxes (%),7.03
GF_COM_PPPI,"Amount of United States dollars committed to public-private partnerships for infrastructure, million USD nominal",7.14
GF_FRN_FDI,Foreign direct investment (FDI) inflows (millions of United States dollars),7.12
GF_XPD_GBPC,Primary government expenditures as a proportion of original approved budget (%),7.25
GR_G14_GDP,Total government revenue (budgetary central government) as a proportion of GDP (%),7.03
IC_FRM_BRIB,Bribery incidence (% of firms experiencing at least one bribe payment request),7.16
IC_GEN_MGTL,Proportion of women in managerial positions - 13th ICLS (%),6.91
IQ_SPI_PIL5,Data Infrastructure performance index (Statistical Performance Indicators Pillar 5) (Index),7.14
IS_RDP_PFVOL,"Passenger volume (passenger kilometres), by mode of transport",7.09
IT_MOB_2GNTWK,Proportion of population covered by at least a 2G mobile network (%),7.1
IT_MOB_OWN,"Proportion of individuals who own a mobile telephone, by sex (%)",7.05
IT_NET_BBND,"Fixed broadband subscriptions per 100 inhabitants, by speed (per 100 inhabitants)",7.07
IT_USE_ii99,Proportion of individuals using the Internet (%),7.04
IU_COR_BRIB,"Prevalence rate of bribery, by sex (%)",7.1
IU_DMK_INCL,Proportion of population who believe decision-making is inclusive (%),7.05
NV_IND_MANF,Manufacturing value added (constant 2020 United States dollars) as a proportion of GDP (%),7.14
NV_IND_SSIS_NC,Proportion of small-scale industries in total industry value added based on national classification (%),7.04
NV_IND_TECH,Proportion of medium and high-tech manufacturing value added in total value added (%),6.98
NY_GDP_PCAP,Annual growth rate of real GDP per capita (%),7.14
PD_AGR_SSFP,"Productivity of small-scale food producers (agricultural output per labour day, PPP) (constant 2017 international $)",7.08
SD_CPA_UPRDP,Countries that have national urban policies or regional development plans that respond to population dynamics; ensure balanced territorial development; and increase local fiscal space (1 = YES; 0 = NO),7.14
SD_MDP_MUHC,Proportion of population living in multidimensional poverty (%),6.95
SD_XPD_ESED,"Proportion of total government spending on essential services, education [UIS methodology] (%)",7.13
SE_ACS_CMPTR,"Proportion of schools with access to computers for pedagogical purposes, by education level (%)",6.98
SE_ADT_ACTS,"Proportion of youth and adults with information and communications technology (ICT) skills, by sex and type of skill (%)",6.93
SE_ADT_EDUCTRN,"Participation rate in formal and non-formal education and training, by sex (%)",6.98
SE_ADT_LITR,Youth/adult literacy rate (%),7.25
SE_DEV_ONTRK,"Proportion of children aged 36−59 months who are developmentally on track in at least three of the following domains: literacy-numeracy, physical development, social-emotional development, and learning (% of children aged 36-59 months)",7.14
SE_GPI_PTNPRE,"Adjusted gender parity index for participation rate in organized learning (one year before the official primary entry age), (ratio)",7.0
SE_PRE_PARTN,"Participation rate in organized learning (one year before the official primary entry age), by sex (%)",6.99
SE_SGE_BIODIV,Score on greening education in biodiversity (%),7.11
SE_TOT_CPLR,"Completion rate, by sex, location, wealth quintile and education level (%)",7.13
SE_TOT_PRFL,Proportion of children and young people achieving a minimum proficiency level in reading and mathematics (%),6.81
SE_TRA_GRDL,"Proportion of teachers with the minimum required qualifications, by education level and sex (%)",7.17
SG_CPA_MIGRS,"Countries with migration policies to facilitate orderly, safe, regular and responsible migration and mobility of people, by policy domain (1 = Requires further progress; 2 = Partially meets; 3 = Meets; 4 = Fully meets)",7.11
SG_CPA_OFDI,"Number of countries with an outward investment promotion scheme which can benefit developing countries, including LDCs (1 = YES, 0 = NO)",7.17
SG_CPA_SDEVP,Mechanisms in place to enhance policy coherence for sustainable development (%),7.08
SG_DMK_PARLSP_LC,"Number of speakers in parliament, by age and sex , Lower Chamber or Unicameral",7.13
SG_DSR_LGRGSR,Score of adoption and implementation of national DRR strategies in line with the Sendai Framework,7.0
SG_DSR_SILS,Proportion of local governments that adopt and implement local disaster risk reduction strategies in line with national disaster risk reduction strategies (%),7.02
SG_GEN_EQPWNN,Countries with systems to track and make public allocations for gender equality and women's empowerment (0 = does not meet the requirement; 1 = approached the requirement; 2  =  Fully meets requirement),7.18
SG_GEN_PARL,Proportion of seats held by women in national parliaments (% of total number of seats),7.14
SG_HAZ_CMRBASEL,"Parties meeting their commitments and obligations in transmitting information as required by Basel Convention on hazardous waste, and other chemicals (%)",7.14
SG_INF_ACCSS,"Countries that adopt and implement constitutional, statutory and/or policy guarantees for public access to information",7.11
SG_INT_MBRDEV,"Proportion of members of developing countries in international organizations, by organization (%)",7.14
SG_LGL_GENEQEMP,"Legal frameworks that promote, enforce and monitor gender equality (percentage of achievement, 0 - 100) -- Area 3: employment and economic benefits",7.07
SG_LGL_LNDFEMOD,Degree to which the legal framework (including customary law) guarantees women’s equal rights to land ownership and/or control (1=No evidence to 6=Highest levels of guarantees),7.28
SG_NHR_IMPL,Proportion of countries with independent National Human Rights Institutions in compliance with the Paris Principles (%),7.14
SG_PLN_MSTKSDG_R,"Number of countries reporting progress in multi-stakeholder development effectiveness monitoring frameworks that support the achievement of the sustainable development goals, Recipient (1 = YES; 0 = NO)",7.18
SG_PLN_RECNDI,Proportion of project objectives in new development interventions drawn from country-led result frameworks - data by recipient (%),7.18
SG_REG_BRTH,Proportion of children under 5 years of age whose births have been registered with a civil authority (% of children under 5 years of age),7.11
SG_REG_CENSUSN,Countries that have conducted at least one population and housing census in the last 10 years (1 = YES; 0 = NO),6.92
SG_SCP_POLINS,Countries with policy instrument for sustainable consumption and production (1 = YES; 0 = NO),7.13
SG_SCP_PROCN,Number of countries implementing sustainable public procurement policies and action plans,7.05
SG_STT_CAPTY,Dollar value of all resources made available to strengthen statistical capacity in developing countries (current United States dollars),7.14
SG_STT_FPOS,Countries with national statistical legislation exists that complies with the Fundamental Principles of Official Statistics (1 = YES; 0 = NO),7.14
SG_STT_NSDSFDDNR,Countries with national statistical plans with funding from donors (1 = YES; 0 = NO),7.14
SG_URB_CSPART,Proportion of cities with a direct participation structure of civil society in urban planning and management that operate regularly and democratically,7.08
SG_XPD_PR,Proportion of government spending which benefits the poorest 20 percent (%),7.11
SH_AAP_ASMORT,"Age-standardized mortality rate attributed to ambient air pollution (deaths per 100,000 population)",7.14
SH_ACS_DTP3,Proportion of the target population who received 3 doses of diphtheria-tetanus-pertussis (DTP3) vaccine (%),7.15
SH_ACS_UNHC_25,"Universal health coverage (UHC) service coverage index, 2025 methodology",7.15
SH_ALC_CONSPT,Alcohol consumption per capita (aged 15 years and older) within a calendar year (litres of pure alcohol),7.17
SH_BLD_ECOLI,"Percentage of bloodstream infection due to Escherichia coli resistant to 3rd-generation cephalosporin (e.g., ESBL- E. coli) among patients seeking care and whose blood sample is taken and tested (%)",7.09
SH_DTH_NCOM,"Mortality rate attributed to cardiovascular disease, cancer, diabetes or chronic respiratory disease (probability)",7.15
SH_DYN_IMRT,"Infant mortality rate (deaths per 1,000 live births)",7.15
SH_DYN_NMRT,"Neonatal mortality rate (deaths per 1,000 live births)",7.15
SH_FPL_INFM,"Proportion of women who make their own informed decisions regarding sexual relations, contraceptive use and reproductive health care (% of women aged 15-49 years)",7.16
SH_FPL_MTMM,Proportion of women of reproductive age (aged 15-49 years) who have their need for family planning satisfied with modern methods (% of women aged 15-49 years),7.16
SH_H2O_SAFE,"Proportion of population using safely managed drinking water services, by urban/rural (%)",7.01
SH_HAP_HBSAG_26,"Prevalence of hepatitis B surface antigen (HBsAg), 2026 methodology (%)",7.14
SH_HIV_INCD,"Number of new HIV infections per 1,000 uninfected population, by sex and age (per 1,000 uninfected population)",7.18
SH_HLF_EMED,Proportion of health facilities that have a core set of relevant essential medicines available and affordable on a sustainable basis (%),7.14
SH_IHR_CAPS,"International Health Regulations (IHR) capacity, by type of IHR capacity (%)",7.16
SH_LGR_ACSRHE,"Extent to which countries have laws and regulations that guarantee full and equal access to women and men aged 15 years and older to sexual and reproductive health care, information and education (%)",7.12
SH_MDD_CHLD,Prevalence of minimum dietary diversity among children aged 6-23 months (%),7.19
SH_MED_DEN,"Health worker density, by type of occupation (per 10,000 population)",7.14
SH_OOP_XPD_EARNNET40,"Proportion of the population with positive out-of-pocket household expenditure on health exceeding 40% of household discretionary budget, by location, quintile, type of household and characteristics of the head of household (%)",7.12
SH_PRV_SMOK,"Age-standardized prevalence of current tobacco use among persons aged 15 years and older, by sex (%)",7.13
SH_SAN_DEFECT,"Proportion of population practicing open defecation, by urban/rural (%)",7.14
SH_STA_ANEM,Proportion of women aged 15-49 years with anaemia (%),7.15
SH_STA_BRTC,Proportion of births attended by skilled health personnel (%),6.97
SH_STA_FGMS,"Proportion of girls and women aged 15-49 years who have undergone female genital mutilation, by age (%)",7.15
SH_STA_MALR,"Malaria incidence per 1,000 population at risk (per 1,000 population)",7.48
SH_STA_MORT,Maternal mortality ratio,7.15
SH_STA_POISN,"Mortality rate attributed to unintentional poisonings, by sex (deaths per 100,000 population)",7.15
SH_STA_SCIDE,"Suicide mortality rate, by sex (deaths per 100,000 population)",7.15
SH_STA_STNT,Proportion of children moderately or severely stunted (%),7.35
SH_STA_TRAF,"Death rate due to road traffic injuries, by sex (per 100,000 population)",7.14
SH_STA_WASHARI,"Mortality rate attributed to unsafe water, unsafe sanitation and lack of hygiene from diarrhoea, intestinal nematode infections, malnutrition and acute respiratory infections (deaths per 100,000 population)",7.14
SH_SUD_ALCOL,"Alcohol use disorders, 12-month prevalence (%)",7.14
SH_TBS_INCD,"Tuberculosis incidence (per 100,000 population)",7.15
SH_TRP_INTVN,Number of people requiring interventions against neglected tropical diseases (number),7.15
SI_AGR_SSFP,"Average income of small-scale food producers, PPP (constant 2017 international $)",7.28
SI_COV_BENFTS,"[ILO] Proportion of population covered by at least one social protection benefit, by sex (%)",7.11
SI_DST_FISP,"Redistributive impact of fiscal policy, Gini index (%)",6.97
SI_HEI_TOTL,Growth rates of household expenditure or income per capita (%),7.07
SI_POV_50MI,Proportion of people living below 50 percent of median income (%),6.97
SI_POV_DAY1,Proportion of population below international poverty line (%),6.97
SI_POV_NAHC,Proportion of population living below the national poverty line (%),7.07
SI_RMT_COST,Average remittance costs of sending $200 to a receiving country as a proportion of the amount remitted (%),7.41
SL_CPA_YEMP,"Existence of a developed and operationalized national strategy for youth employment, as a distinct strategy or as part of a national employment strategy",7.03
SL_DOM_TSPD,"Proportion of time spent on unpaid domestic chores and care work, by sex, age and location (%)",7.02
SL_EMP_EARN,Average hourly earnings of employees by sex and occupation (local currency),7.11
SL_EMP_FTLINJUR,"Fatal occupational injuries among employees, by sex and migrant status (per 100,000 employees)",6.96
SL_EMP_GTOTL,Labour share of GDP (%),6.97
SL_EMP_PCAP,Annual growth rate of real GDP per employed person (%),7.19
SL_EMP_RCOST_MO,Migrant recruitment costs (number of months of earnings),7.14
SL_ISV_IFEM,"Proportion of informal employment, by sector and sex - 13th ICLS (%)",7.02
SL_LBR_NTLCPL,Level of national compliance with labour rights (freedom of association and collective bargaining) based on International Labour Organization (ILO) textual sources and national legislation,7.15
SL_TLF_CHLDEA,"Proportion of children engaged in economic activity, by sex and age  (%)",7.18
SL_TLF_MANF,Manufacturing employment as a proportion of total employment - 13th ICLS (%),6.9
SL_TLF_NEET,"Proportion of youth not in education, employment or training, by sex and age - 13th ICLS (%)",6.94
SL_TLF_UEM,"Unemployment rate, by sex and age - 13th ICLS (%)",6.9
SM_DTH_MIGR,Total deaths and disappearances recorded during migration (number),7.15
SM_POP_REFG_OR,"Number of refugees per 100,000 population, by country of origin (per 100,000 population)",7.14
SN_ITK_DEFC,Prevalence of undernourishment (%),7.19
SN_STA_OVWGT,Proportion of children moderately or severely overweight (%),7.3
SP_ACS_BSRVH2O,"Proportion of population using basic drinking water services, by location (%)",7.14
SP_DISP_RESOL,Proportion of the population who have experienced a dispute in the past two years who accessed a formal or informal dispute resolution mechanism (%),7.15
SP_DYN_ADKL,"Adolescent birth rate (per 1,000 women aged 15-19 and 10-14 years)",7.0
SP_DYN_MRBF18,Proportion of women aged 20-24 years who were married or in a union before age 18 (%),7.15
SP_LGL_LNDAGSEC,"Proportion of total agricultural population with ownership or secure rights over agricultural land, by sex (%)",7.24
SP_LGL_LNDSTR,"Proportion of people with secure tenure rights to land out of total adult population, by sex (%)",7.08
SP_PSR_OSATIS_HLTH,Proportion of population who say that overall they are satisfied with the quality of healthcare services (%),7.12
SP_TRN_PUBL,Proportion of population that has convenient access to public transport (%),7.11
ST_EEV_STDACCT,Implementation of standard accounting tools to monitor the economic and environmental aspects of tourism (number of tables),6.92
ST_EMP_TRSMN,Employed persons in the tourism industries (number),6.96
ST_GDP_ZS,Tourism direct GDP as a proportion of total GDP (%),6.99
TM_TAX_DMFN,"Average tariff applied by developed countries, most-favored nation status, by type of product (%)",7.14
TM_TAX_WMFN,"Worldwide weighted tariff-average, most-favoured-nation status, by type of product (%)",7.17
TM_TRF_ZERO,Proportion of tariff lines applied to imports with zero-tariff (%),7.15
TX_EXP_GBMRCH,Developing countries’ and least developed countries’ share of global merchandise exports (%),7.16
VC_ARM_SZTRACE,"Proportion of seized, found or surrendered arms whose illicit origin or context has been traced or established by a competent authority in line with international instruments",7.1
VC_DSR_AFFCT,Number of people affected by disaster (number),7.1
VC_DSR_CDAN,Number of damaged critical infrastructure attributed to disasters (number),7.14
VC_DSR_GDPLS,Direct economic loss attributed to disasters (current United States dollars),7.12
VC_HTF_DETVSX,"Detected victims of human trafficking for sexual exploitation, by age and sex (number)",6.95
VC_IHR_PSRC,"Number of victims of intentional homicide per 100,000 population, by sex (victims per 100,000 population)",6.87
VC_PRR_ROBB,"Police reporting rate for robbery in the previous 12 months, by sex (%)",7.1
VC_PRS_UNSNT,Unsentenced detainees as a proportion of overall prison population (%),6.96
VC_SNS_WALN_DRK,Proportion of population that feel safe walking alone around the area they live after dark (%),7.07
VC_VAW_MARR,"Proportion of ever-partnered women and girls subjected to physical and/or sexual violence by a current or former intimate partner in the previous 12 months, by age (%)",7.14
VC_VAW_MTUHRAN,"Countries with at least one verified case of killings of human rights defenders, journalists, and trade unionists (1 = YES, 0 = NO)",7.19
VC_VAW_NONMARR,Proportion of women and girls aged 15 years and older subjected to sexual violence by persons other than an intimate partner in the previous 12 months (%),7.15
VC_VAW_PHYPYV,Proportion of children aged 1-14 years who experienced physical punishment and/or psychological aggression by caregivers in last month (% of children aged 1-14 years),7.15
VC_VAW_SXVLN,"Proportion of population aged 18-29 years who experienced sexual violence by age 18, by sex (% of population aged 18-29)",7.17
VC_VOH_SXPH,"Proportion of persons victim of non-sexual or sexual harassment, in the previous 12 months (%)",7.13
VC_VOV_GDSD,"Proportion of population reporting having felt discriminated against, by grounds of discrimination, sex and disability (%)",6.91
VC_VOV_ROBB,"Proportion of population subjected to robbery in the previous 12 months, by sex (%)",7.09
