indicator_ids,goals,representative_series,description,cadence_years,applicability,member_countries_at_selection,observation_rows_2015_2025,selection_basis
1.a.1,1,DC_ODA_POVLG,"Official development assistance grants for poverty reduction, by recipient countries (percentage of GNI)",1,conditional,146,1342,widest member-state coverage; observation count and code tie-break
1.2.2,1,SD_MDP_MUHC,Proportion of population living in multidimensional poverty (%),1,universal,87,2279,widest member-state coverage; observation count and code tie-break
1.a.2,1,SD_XPD_ESED,"Proportion of total government spending on essential services, education [UIS methodology] (%)",1,universal,185,1479,widest member-state coverage; observation count and code tie-break
1.5.3;11.b.1;13.1.2,1;11;13,SG_DSR_LGRGSR,Score of adoption and implementation of national DRR strategies in line with the Sendai Framework,2,universal,140,2073,existing curated representative
1.5.4;11.b.2;13.1.3,1;11;13,SG_DSR_SILS,Proportion of local governments that adopt and implement local disaster risk reduction strategies in line with national disaster risk reduction strategies (%),2,universal,128,2118,existing curated representative
1.b.1,1,SG_XPD_PR,Proportion of government spending which benefits the poorest 20 percent (%),1,universal,130,119,widest member-state coverage; observation count and code tie-break
1.3.1,1,SI_COV_BENFTS,"[ILO] Proportion of population covered by at least one social protection benefit, by sex (%)",2,universal,189,660,existing curated representative
1.1.1,1,SI_POV_DAY1,Proportion of population below international poverty line (%),3,universal,169,4689,existing curated representative
1.2.1,1,SI_POV_NAHC,Proportion of population living below the national poverty line (%),3,universal,158,543,widest member-state coverage; observation count and code tie-break
1.4.1,1,SP_ACS_BSRVH2O,"Proportion of population using basic drinking water services, by location (%)",1,universal,192,5266,existing curated representative
1.4.2,1,SP_LGL_LNDSTR,"Proportion of people with secure tenure rights to land out of total adult population, by sex (%)",1,universal,86,458,widest member-state coverage; observation count and code tie-break
1.5.1;11.5.1;13.1.1,1;11;13,VC_DSR_AFFCT,Number of people affected by disaster (number),1,universal,165,2931,existing curated representative
1.5.2;11.5.2,1;11,VC_DSR_GDPLS,Direct economic loss attributed to disasters (current United States dollars),1,universal,162,1722,widest member-state coverage; observation count and code tie-break
2.c.1,2,AG_FPA_CFPI,"Indicator of Food Price Anomalies (IFPA), by Consumer Food Price Index",1,universal,182,1820,widest member-state coverage; observation count and code tie-break
2.4.1,2,AG_LND_SUST_PRXCSS,"[PROXY] Progress toward productive and sustainable agriculture, current status score",1,universal,186,1860,widest member-state coverage; observation count and code tie-break
2.a.1,2,AG_PRD_AGVAS,Agriculture value added share of GDP (%),1,universal,187,1870,widest member-state coverage; observation count and code tie-break
2.1.2,2,AG_PRD_FIESMS,Prevalence of moderate or severe food insecurity in the population (%),1,universal,177,5819,existing curated representative
2.b.1,2,AG_PRD_XSUBDY,Agricultural export subsidies (millions of current United States dollars),1,universal,33,109,widest member-state coverage; observation count and code tie-break
2.a.2,2,DC_TOF_AGRL,"Total official flows (disbursements) for agriculture, by recipient countries (millions of constant 2024 United States dollars)",1,conditional,146,1352,widest member-state coverage; observation count and code tie-break
2.5.1,2,ER_GRF_ANIMKPT_TRB,Number of transboundary breeds (including extinct ones),1,universal,179,1969,widest member-state coverage; observation count and code tie-break
2.5.2,2,ER_NOEX_TRBBREDN,Number of transboundary breeds (not extinct) (number),1,universal,179,1969,widest member-state coverage; observation count and code tie-break
2.3.1,2,PD_AGR_SSFP,"Productivity of small-scale food producers (agricultural output per labour day, PPP) (constant 2017 international $)",1,universal,51,1410,widest member-state coverage; observation count and code tie-break
2.2.4,2,SH_MDD_CHLD,Prevalence of minimum dietary diversity among children aged 6-23 months (%),1,universal,112,107,widest member-state coverage; observation count and code tie-break
2.2.3,2,SH_STA_ANEM,Proportion of women aged 15-49 years with anaemia (%),1,universal,191,1719,widest member-state coverage; observation count and code tie-break
2.2.1,2,SH_STA_STNT,Proportion of children moderately or severely stunted (%),3,universal,160,4800,existing curated representative
2.3.2,2,SI_AGR_SSFP,"Average income of small-scale food producers, PPP (constant 2017 international $)",1,universal,52,1460,widest member-state coverage; observation count and code tie-break
2.1.1,2,SN_ITK_DEFC,Prevalence of undernourishment (%),1,universal,166,1826,existing curated representative
2.2.2,2,SN_STA_OVWGT,Proportion of children moderately or severely overweight (%),1,universal,161,4830,widest member-state coverage; observation count and code tie-break
3.b.2,3,DC_TOF_HLTHL,"Total official development assistance to medical research and basic health sectors, gross disbursement, by recipient countries (millions of constant 2024 United States dollars)",1,conditional,145,1352,widest member-state coverage; observation count and code tie-break
3.9.1,3,SH_AAP_ASMORT,"Age-standardized mortality rate attributed to ambient air pollution (deaths per 100,000 population)",1,universal,192,192,widest member-state coverage; observation count and code tie-break
3.b.1,3,SH_ACS_DTP3,Proportion of the target population who received 3 doses of diphtheria-tetanus-pertussis (DTP3) vaccine (%),1,universal,191,1910,widest member-state coverage; observation count and code tie-break
3.8.1,3,SH_ACS_UNHC_25,"Universal health coverage (UHC) service coverage index, 2025 methodology",1,universal,192,1728,widest member-state coverage; observation count and code tie-break
3.5.2,3,SH_ALC_CONSPT,Alcohol consumption per capita (aged 15 years and older) within a calendar year (litres of pure alcohol),1,universal,189,1890,widest member-state coverage; observation count and code tie-break
3.d.2,3,SH_BLD_ECOLI,"Percentage of bloodstream infection due to Escherichia coli resistant to 3rd-generation cephalosporin (e.g., ESBL- E. coli) among patients seeking care and whose blood sample is taken and tested (%)",1,universal,95,409,widest member-state coverage; observation count and code tie-break
3.4.1,3,SH_DTH_NCOM,"Mortality rate attributed to cardiovascular disease, cancer, diabetes or chronic respiratory disease (probability)",1,universal,183,2196,widest member-state coverage; observation count and code tie-break
3.2.1,3,SH_DYN_IMRT,"Infant mortality rate (deaths per 1,000 live births)",1,universal,192,5760,widest member-state coverage; observation count and code tie-break
3.2.2,3,SH_DYN_NMRT,"Neonatal mortality rate (deaths per 1,000 live births)",1,universal,192,1920,existing curated representative
3.7.1,3,SH_FPL_MTMM,Proportion of women of reproductive age (aged 15-49 years) who have their need for family planning satisfied with modern methods (% of women aged 15-49 years),1,universal,140,181,widest member-state coverage; observation count and code tie-break
3.3.4,3,SH_HAP_HBSAG_26,"Prevalence of hepatitis B surface antigen (HBsAg), 2026 methodology (%)",1,universal,193,1930,widest member-state coverage; observation count and code tie-break
3.3.1,3,SH_HIV_INCD,"Number of new HIV infections per 1,000 uninfected population, by sex and age (per 1,000 uninfected population)",1,universal,183,23790,widest member-state coverage; observation count and code tie-break
3.b.3,3,SH_HLF_EMED,Proportion of health facilities that have a core set of relevant essential medicines available and affordable on a sustainable basis (%),1,universal,27,20,widest member-state coverage; observation count and code tie-break
3.d.1,3,SH_IHR_CAPS,"International Health Regulations (IHR) capacity, by type of IHR capacity (%)",1,universal,193,23673,widest member-state coverage; observation count and code tie-break
3.c.1,3,SH_MED_DEN,"Health worker density, by type of occupation (per 10,000 population)",1,universal,192,4919,widest member-state coverage; observation count and code tie-break
3.8.2,3,SH_OOP_XPD_EARNNET40,"Proportion of the population with positive out-of-pocket household expenditure on health exceeding 40% of household discretionary budget, by location, quintile, type of household and characteristics of the head of household (%)",1,universal,156,4306,widest member-state coverage; observation count and code tie-break
3.a.1,3,SH_PRV_SMOK,"Age-standardized prevalence of current tobacco use among persons aged 15 years and older, by sex (%)",1,universal,165,1485,widest member-state coverage; observation count and code tie-break
3.1.2,3,SH_STA_BRTC,Proportion of births attended by skilled health personnel (%),1,universal,185,905,widest member-state coverage; observation count and code tie-break
3.3.3,3,SH_STA_MALR,"Malaria incidence per 1,000 population at risk (per 1,000 population)",1,universal,107,1070,widest member-state coverage; observation count and code tie-break
3.1.1,3,SH_STA_MORT,Maternal mortality ratio,1,universal,192,1728,existing curated representative
3.9.3,3,SH_STA_POISN,"Mortality rate attributed to unintentional poisonings, by sex (deaths per 100,000 population)",1,universal,183,2196,widest member-state coverage; observation count and code tie-break
3.4.2,3,SH_STA_SCIDE,"Suicide mortality rate, by sex (deaths per 100,000 population)",1,universal,183,2196,widest member-state coverage; observation count and code tie-break
3.6.1,3,SH_STA_TRAF,"Death rate due to road traffic injuries, by sex (per 100,000 population)",1,universal,191,191,widest member-state coverage; observation count and code tie-break
3.9.2,3,SH_STA_WASHARI,"Mortality rate attributed to unsafe water, unsafe sanitation and lack of hygiene from diarrhoea, intestinal nematode infections, malnutrition and acute respiratory infections (deaths per 100,000 population)",1,universal,183,183,widest member-state coverage; observation count and code tie-break
3.5.1,3,SH_SUD_ALCOL,"Alcohol use disorders, 12-month prevalence (%)",1,universal,188,564,widest member-state coverage; observation count and code tie-break
3.3.2,3,SH_TBS_INCD,"Tuberculosis incidence (per 100,000 population)",1,universal,192,1920,existing curated representative
3.3.5,3,SH_TRP_INTVN,Number of people requiring interventions against neglected tropical diseases (number),1,universal,192,1920,widest member-state coverage; observation count and code tie-break
3.7.2,3,SP_DYN_ADKL,"Adolescent birth rate (per 1,000 women aged 15-19 and 10-14 years)",1,universal,192,1897,widest member-state coverage; observation count and code tie-break
4.b.1,4,DC_TOF_SCHIPSL,"Total official flows for scholarships, by recipient countries (millions of constant 2024 United States dollars)",1,conditional,144,1356,widest member-state coverage; observation count and code tie-break
4.a.1,4,SE_ACS_CMPTR,"Proportion of schools with access to computers for pedagogical purposes, by education level (%)",1,universal,173,3633,widest member-state coverage; observation count and code tie-break
4.4.1,4,SE_ADT_ACTS,"Proportion of youth and adults with information and communications technology (ICT) skills, by sex and type of skill (%)",1,universal,113,98639,widest member-state coverage; observation count and code tie-break
4.3.1,4,SE_ADT_EDUCTRN,"Participation rate in formal and non-formal education and training, by sex (%)",1,universal,164,9125,widest member-state coverage; observation count and code tie-break
4.6.1,4,SE_ADT_LITR,Youth/adult literacy rate (%),3,universal,153,4019,existing curated representative
4.2.1,4,SE_DEV_ONTRK,"Proportion of children aged 36−59 months who are developmentally on track in at least three of the following domains: literacy-numeracy, physical development, social-emotional development, and learning (% of children aged 36-59 months)",3,universal,59,142,widest member-state coverage; observation count and code tie-break
4.5.1,4,SE_GPI_PTNPRE,"Adjusted gender parity index for participation rate in organized learning (one year before the official primary entry age), (ratio)",1,universal,179,1188,widest member-state coverage; observation count and code tie-break
4.2.2,4,SE_PRE_PARTN,"Participation rate in organized learning (one year before the official primary entry age), by sex (%)",1,universal,181,3603,widest member-state coverage; observation count and code tie-break
4.7.1;12.8.1;13.3.1,4;12;13,SE_SGE_BIODIV,Score on greening education in biodiversity (%),1,universal,108,324,widest member-state coverage; observation count and code tie-break
4.1.2,4,SE_TOT_CPLR,"Completion rate, by sex, location, wealth quintile and education level (%)",1,universal,164,45279,existing curated representative
4.1.1,4,SE_TOT_PRFL,Proportion of children and young people achieving a minimum proficiency level in reading and mathematics (%),3,universal,142,2269,existing curated representative
4.c.1,4,SE_TRA_GRDL,"Proportion of teachers with the minimum required qualifications, by education level and sex (%)",1,universal,151,9249,widest member-state coverage; observation count and code tie-break
5.5.2,5,IC_GEN_MGTL,Proportion of women in managerial positions - 13th ICLS (%),1,universal,179,1020,existing curated representative
5.b.1,5,IT_MOB_OWN,"Proportion of individuals who own a mobile telephone, by sex (%)",1,universal,188,1962,widest member-state coverage; observation count and code tie-break
5.c.1,5,SG_GEN_EQPWNN,Countries with systems to track and make public allocations for gender equality and women's empowerment (0 = does not meet the requirement; 1 = approached the requirement; 2  =  Fully meets requirement),1,universal,122,180,widest member-state coverage; observation count and code tie-break
5.5.1,5,SG_GEN_PARL,Proportion of seats held by women in national parliaments (% of total number of seats),1,universal,193,2113,existing curated representative
5.1.1,5,SG_LGL_GENEQEMP,"Legal frameworks that promote, enforce and monitor gender equality (percentage of achievement, 0 - 100) -- Area 3: employment and economic benefits",1,universal,130,395,widest member-state coverage; observation count and code tie-break
5.a.2,5,SG_LGL_LNDFEMOD,Degree to which the legal framework (including customary law) guarantees women’s equal rights to land ownership and/or control (1=No evidence to 6=Highest levels of guarantees),1,universal,97,679,widest member-state coverage; observation count and code tie-break
5.6.1,5,SH_FPL_INFM,"Proportion of women who make their own informed decisions regarding sexual relations, contraceptive use and reproductive health care (% of women aged 15-49 years)",1,universal,80,81,widest member-state coverage; observation count and code tie-break
5.6.2,5,SH_LGR_ACSRHE,"Extent to which countries have laws and regulations that guarantee full and equal access to women and men aged 15 years and older to sexual and reproductive health care, information and education (%)",1,universal,152,152,widest member-state coverage; observation count and code tie-break
5.3.2,5,SH_STA_FGMS,"Proportion of girls and women aged 15-49 years who have undergone female genital mutilation, by age (%)",1,universal,31,25,widest member-state coverage; observation count and code tie-break
5.4.1,5,SL_DOM_TSPD,"Proportion of time spent on unpaid domestic chores and care work, by sex, age and location (%)",5,universal,94,1896,existing curated representative
5.3.1,5,SP_DYN_MRBF18,Proportion of women aged 20-24 years who were married or in a union before age 18 (%),1,universal,142,122,widest member-state coverage; observation count and code tie-break
5.a.1,5,SP_LGL_LNDAGSEC,"Proportion of total agricultural population with ownership or secure rights over agricultural land, by sex (%)",1,universal,78,2340,widest member-state coverage; observation count and code tie-break
5.2.1,5,VC_VAW_MARR,"Proportion of ever-partnered women and girls subjected to physical and/or sexual violence by a current or former intimate partner in the previous 12 months, by age (%)",1,universal,158,316,widest member-state coverage; observation count and code tie-break
5.2.2,5,VC_VAW_NONMARR,Proportion of women and girls aged 15 years and older subjected to sexual violence by persons other than an intimate partner in the previous 12 months (%),1,universal,121,242,widest member-state coverage; observation count and code tie-break
6.a.1,6,DC_TOF_WASHL,"Total official development assistance (gross disbursement) for water supply and sanitation, by recipient countries (millions of constant 2024 United States dollars)",1,conditional,146,1339,widest member-state coverage; observation count and code tie-break
6.5.2,6,EG_TBA_H2CO,Proportion of transboundary basins (river and lake basins and aquifers) with an operational arrangement for water cooperation (%),1,universal,193,579,widest member-state coverage; observation count and code tie-break
6.3.2,6,EN_H2O_WBAMBQ,Proportion of bodies of water with good ambient water quality (%),1,universal,127,294,widest member-state coverage; observation count and code tie-break
6.6.1,6,EN_LKRV_PWAC,Lakes and rivers permanent water area change (%),1,universal,188,1504,widest member-state coverage; observation count and code tie-break
6.3.1,6,EN_WWT_WWDS,Proportion of safely treated domestic wastewater flows (%),1,universal,141,375,widest member-state coverage; observation count and code tie-break
6.5.1,6,ER_H2O_IWRMD,Degree of integrated water resources management implementation (%),1,universal,190,540,widest member-state coverage; observation count and code tie-break
6.b.1,6,ER_H2O_PRDU,"Countries with procedures in law or policy for participation by service users/communities in planning program in rural drinking-water supply, by level of definition in procedures (10 = Clearly defined; 5 = Not clearly defined ; 0 = NA)",1,universal,148,419,widest member-state coverage; observation count and code tie-break
6.4.2,6,ER_H2O_STRESS,Level of water stress: freshwater withdrawal as a proportion of available freshwater resources (%),1,universal,177,6309,existing curated representative
6.4.1,6,ER_H2O_WUEYST,Water Use Efficiency (United States dollars per cubic meter),1,universal,181,6237,widest member-state coverage; observation count and code tie-break
6.1.1,6,SH_H2O_SAFE,"Proportion of population using safely managed drinking water services, by urban/rural (%)",1,universal,143,3161,existing curated representative
6.2.1,6,SH_SAN_DEFECT,"Proportion of population practicing open defecation, by urban/rural (%)",1,universal,192,5110,existing curated representative
7.1.1,7,EG_ACS_ELEC,"Proportion of population with access to electricity, by urban/rural (%)",1,universal,193,5790,existing curated representative
7.1.2,7,EG_EGY_CLEAN,Proportion of population with primary reliance on clean fuels and technology (%),1,universal,192,5760,existing curated representative
7.3.1,7,EG_EGY_PRIM,Energy intensity level of primary energy (megajoules per constant 2021 purchasing power parity GDP),1,universal,191,1772,widest member-state coverage; observation count and code tie-break
7.b.1;12.a.1,7;12,EG_EGY_RNEW,Installed renewable electricity-generating capacity (watts per capita),1,universal,190,26600,widest member-state coverage; observation count and code tie-break
7.2.1,7,EG_FEC_RNEW,Renewable energy share in the total final energy consumption (%),1,universal,191,1772,existing curated representative
7.a.1,7,EG_IFF_RANDN,"International financial flows to developing countries in support of clean energy research and development and renewable energy production, including in hybrid systems (millions of constant 2023 United States dollars)",1,universal,141,11280,widest member-state coverage; observation count and code tie-break
8.a.1,8,DC_TOF_TRDCML,"Total official flows (commitments) for Aid for Trade, by recipient countries (millions of constant 2024 United States dollars)",1,conditional,144,1356,widest member-state coverage; observation count and code tie-break
8.4.2;12.2.2,8;12,EN_MAT_DOMCMPC,"Domestic material consumption per capita, by type of raw material (tonnes)",1,universal,192,21056,existing curated representative
8.4.1;12.2.1,8;12,EN_MAT_FTPRPC,"Material footprint per capita, by type of raw material (tonnes)",1,conditional,0,0,widest member-state coverage; observation count and code tie-break
8.10.1,8,FB_ATM_TOTL,"Number of automated teller machines (ATMs) per 100,000 adults",1,universal,184,1668,widest member-state coverage; observation count and code tie-break
8.10.2,8,FB_BNK_ACCSS,"Proportion of adults (15 years and older) with an account at a financial institution or mobile-money-service provider, by sex (% of adults aged 15 years and older)",1,universal,157,3982,widest member-state coverage; observation count and code tie-break
8.1.1,8,NY_GDP_PCAP,Annual growth rate of real GDP per capita (%),1,universal,193,1930,existing curated representative
8.b.1,8,SL_CPA_YEMP,"Existence of a developed and operationalized national strategy for youth employment, as a distinct strategy or as part of a national employment strategy",1,universal,185,734,widest member-state coverage; observation count and code tie-break
8.5.1,8,SL_EMP_EARN,Average hourly earnings of employees by sex and occupation (local currency),1,universal,129,16791,widest member-state coverage; observation count and code tie-break
8.8.1,8,SL_EMP_FTLINJUR,"Fatal occupational injuries among employees, by sex and migrant status (per 100,000 employees)",1,universal,91,1634,widest member-state coverage; observation count and code tie-break
8.2.1,8,SL_EMP_PCAP,Annual growth rate of real GDP per employed person (%),1,universal,178,1947,widest member-state coverage; observation count and code tie-break
8.3.1,8,SL_ISV_IFEM,"Proportion of informal employment, by sector and sex - 13th ICLS (%)",1,universal,142,6578,widest member-state coverage; observation count and code tie-break
8.8.2,8,SL_LBR_NTLCPL,Level of national compliance with labour rights (freedom of association and collective bargaining) based on International Labour Organization (ILO) textual sources and national legislation,1,universal,186,1860,widest member-state coverage; observation count and code tie-break
8.7.1,8,SL_TLF_CHLDEA,"Proportion of children engaged in economic activity, by sex and age  (%)",1,universal,111,304,widest member-state coverage; observation count and code tie-break
8.6.1,8,SL_TLF_NEET,"Proportion of youth not in education, employment or training, by sex and age - 13th ICLS (%)",1,universal,171,3021,existing curated representative
8.5.2,8,SL_TLF_UEM,"Unemployment rate, by sex and age - 13th ICLS (%)",1,universal,188,10305,existing curated representative
8.9.2,8,ST_EMP_TRSMN,Employed persons in the tourism industries (number),1,universal,138,751,widest member-state coverage; observation count and code tie-break
8.9.1,8,ST_GDP_ZS,Tourism direct GDP as a proportion of total GDP (%),1,universal,115,727,widest member-state coverage; observation count and code tie-break
9.a.1,9,DC_TOF_INFRAL,"Total official flows for infrastructure, by recipient countries (millions of constant 2024 United States dollars)",1,conditional,147,1352,widest member-state coverage; observation count and code tie-break
9.4.1,9,EN_ATM_CO2,Carbon dioxide emissions from fuel combustion (millions of tonnes),1,universal,145,2610,widest member-state coverage; observation count and code tie-break
9.3.2,9,FC_ACC_SSID,Proportion of small-scale industries with a loan or line of credit (%),1,universal,170,222,widest member-state coverage; observation count and code tie-break
9.5.2,9,GB_POP_SCIERD,"Researchers (in full-time equivalent) per million inhabitants (per 1,000,000 population)",1,universal,136,742,widest member-state coverage; observation count and code tie-break
9.5.1,9,GB_XPD_RSDV,Research and development expenditure as a proportion of GDP (%),1,universal,145,828,existing curated representative
9.1.2,9,IS_RDP_PFVOL,"Passenger volume (passenger kilometres), by mode of transport",1,universal,193,1120,widest member-state coverage; observation count and code tie-break
9.c.1,9,IT_MOB_2GNTWK,Proportion of population covered by at least a 2G mobile network (%),1,universal,193,1795,widest member-state coverage; observation count and code tie-break
9.2.1,9,NV_IND_MANF,Manufacturing value added (constant 2020 United States dollars) as a proportion of GDP (%),1,universal,193,2123,existing curated representative
9.3.1,9,NV_IND_SSIS_NC,Proportion of small-scale industries in total industry value added based on national classification (%),1,universal,75,376,widest member-state coverage; observation count and code tie-break
9.b.1,9,NV_IND_TECH,Proportion of medium and high-tech manufacturing value added in total value added (%),1,universal,135,921,widest member-state coverage; observation count and code tie-break
9.2.2,9,SL_TLF_MANF,Manufacturing employment as a proportion of total employment - 13th ICLS (%),1,universal,182,1132,widest member-state coverage; observation count and code tie-break
9.1.1,9,SP_ROD_R2KM,Proportion of the rural population who live within 2 km of an all-season road,5,conditional,25,21,existing curated representative
10.b.1,10,DC_TRF_TOTL,"Total assistance for development, by recipient countries (millions of current United States dollars)",1,conditional,147,1356,widest member-state coverage; observation count and code tie-break
10.5.1,10,FI_FSI_FSKRTC,Regulatory Tier 1 capital to risk-weighted assets (%),1,universal,145,1366,widest member-state coverage; observation count and code tie-break
10.7.2,10,SG_CPA_MIGRS,"Countries with migration policies to facilitate orderly, safe, regular and responsible migration and mobility of people, by policy domain (1 = Requires further progress; 2 = Partially meets; 3 = Meets; 4 = Fully meets)",1,universal,137,1393,widest member-state coverage; observation count and code tie-break
10.6.1;16.8.1,10;16,SG_INT_MBRDEV,"Proportion of members of developing countries in international organizations, by organization (%)",1,universal,193,25946,widest member-state coverage; observation count and code tie-break
10.4.2,10,SI_DST_FISP,"Redistributive impact of fiscal policy, Gini index (%)",1,universal,107,1164,widest member-state coverage; observation count and code tie-break
10.1.1,10,SI_HEI_TOTL,Growth rates of household expenditure or income per capita (%),3,universal,120,222,existing curated representative
10.2.1,10,SI_POV_50MI,Proportion of people living below 50 percent of median income (%),3,universal,169,719,existing curated representative
10.c.1,10,SI_RMT_COST,Average remittance costs of sending $200 to a receiving country as a proportion of the amount remitted (%),1,universal,104,1009,widest member-state coverage; observation count and code tie-break
10.4.1,10,SL_EMP_GTOTL,Labour share of GDP (%),1,universal,93,1023,widest member-state coverage; observation count and code tie-break
10.7.1,10,SL_EMP_RCOST_MO,Migrant recruitment costs (number of months of earnings),1,universal,7,24,widest member-state coverage; observation count and code tie-break
10.7.3,10,SM_DTH_MIGR,Total deaths and disappearances recorded during migration (number),1,universal,142,749,widest member-state coverage; observation count and code tie-break
10.7.4,10,SM_POP_REFG_OR,"Number of refugees per 100,000 population, by country of origin (per 100,000 population)",1,universal,193,2123,widest member-state coverage; observation count and code tie-break
10.a.1,10,TM_TRF_ZERO,Proportion of tariff lines applied to imports with zero-tariff (%),1,universal,192,12073,widest member-state coverage; observation count and code tie-break
10.3.1;16.b.1,10;16,VC_VOV_GDSD,"Proportion of population reporting having felt discriminated against, by grounds of discrimination, sex and disability (%)",5,universal,119,15916,existing curated representative
11.c.1,11,DC_TOF_URBINFRA,Total official development assistance and other official flows in support of urban infrastructure or urban infrastructure projects (millions of constant 2023 United States dollars),1,universal,66,82,widest member-state coverage; observation count and code tie-break
11.7.1,11,EN_ACS_URB_OPENSP,Average share of urban population with convenient access to open public spaces (%),1,universal,188,1901,widest member-state coverage; observation count and code tie-break
11.6.2,11,EN_ATM_PM25,"Annual mean levels of fine particulate matter (population-weighted), by location (micrograms per cubic meter)",1,universal,193,8451,existing curated representative
11.3.1,11,EN_LND_CNSPOP,Ratio of land consumption rate to population growth rate,1,universal,180,3195,widest member-state coverage; observation count and code tie-break
11.1.1,11,EN_LND_INDQTHSNG,Proportion of urban population living in inadequate housing (%),5,universal,47,1235,existing curated representative
11.6.1,11,EN_REF_WASCOL,"Municipal Solid Waste collection coverage, by cities (%)",1,universal,148,4841,widest member-state coverage; observation count and code tie-break
11.4.1,11,GB_XPD_CULNAT_PB,"Total expenditure per capita spent on cultural and natural heritage, public (PPP, constant 2017 United States dollars)",1,universal,77,755,widest member-state coverage; observation count and code tie-break
11.a.1,11,SD_CPA_UPRDP,Countries that have national urban policies or regional development plans that respond to population dynamics; ensure balanced territorial development; and increase local fiscal space (1 = YES; 0 = NO),1,universal,193,386,widest member-state coverage; observation count and code tie-break
11.3.2,11,SG_URB_CSPART,Proportion of cities with a direct participation structure of civil society in urban planning and management that operate regularly and democratically,1,universal,69,449,widest member-state coverage; observation count and code tie-break
11.2.1,11,SP_TRN_PUBL,Proportion of population that has convenient access to public transport (%),3,universal,189,2813,existing curated representative
11.5.3,11,VC_DSR_CDAN,Number of damaged critical infrastructure attributed to disasters (number),1,universal,131,497,widest member-state coverage; observation count and code tie-break
11.7.2,11,VC_VOH_SXPH,"Proportion of persons victim of non-sexual or sexual harassment, in the previous 12 months (%)",1,universal,14,74,widest member-state coverage; observation count and code tie-break
12.3.1,12,AG_FOOD_WST,Food waste (Tonnes),1,universal,193,1797,widest member-state coverage; observation count and code tie-break
12.5.1,12,EN_EWT_RCYPCAP,"Electronic waste recycled, per capita (Kg)",2,universal,60,380,existing curated representative
12.6.1,12,EN_SCP_FRMN,"Number of companies publishing sustainability reports with disclosure by dimension, by level of requirement (Number)",1,universal,79,4832,widest member-state coverage; observation count and code tie-break
12.4.2,12,EN_TWT_GENV,"Total waste generation, by activity (Tonnes)",1,universal,130,2516,widest member-state coverage; observation count and code tie-break
12.c.1,12,ER_FFS_CMPT_GDP,Fossil-fuel subsidies (consumption and production) as a proportion of total GDP (%),1,universal,188,1752,widest member-state coverage; observation count and code tie-break
12.4.1,12,SG_HAZ_CMRBASEL,"Parties meeting their commitments and obligations in transmitting information as required by Basel Convention on hazardous waste, and other chemicals (%)",1,universal,190,558,existing curated representative
12.1.1,12,SG_SCP_POLINS,Countries with policy instrument for sustainable consumption and production (1 = YES; 0 = NO),1,universal,74,138,widest member-state coverage; observation count and code tie-break
12.7.1,12,SG_SCP_PROCN,Number of countries implementing sustainable public procurement policies and action plans,1,universal,69,136,widest member-state coverage; observation count and code tie-break
12.b.1,12,ST_EEV_STDACCT,Implementation of standard accounting tools to monitor the economic and environmental aspects of tourism (number of tables),1,universal,156,1227,widest member-state coverage; observation count and code tie-break
13.a.1,13,DC_FIN_CLIMB,"Climate-specific financial support provided via bilateral, regional and other channels, by type of support (Billions of current United States dollars)",1,conditional,0,0,widest member-state coverage; observation count and code tie-break
13.2.1,13,EN_ADAP_COM,Number of countries with adaptation communications (Number),1,conditional,0,0,widest member-state coverage; observation count and code tie-break
13.b.1,13,EN_ADAP_COM_DV,Number of least developed countries and small island developing States with adaptation communications (Number),1,conditional,0,0,widest member-state coverage; observation count and code tie-break
13.2.2,13,EN_ATM_GHGT_WLU,Total greenhouse gas emissions with LULUCF (Mt CO₂ equivalent),1,universal,97,280,widest member-state coverage; observation count and code tie-break
14.1.1,14,EN_MAR_CHLANM,"Chlorophyll-a anomaly, remote sensing (%)",1,universal,150,2235,widest member-state coverage; observation count and code tie-break
14.2.1,14,EN_SCP_ECSYBA,Number of countries using ecosystem-based approaches to managing marine areas (1 = YES; 0 = NO),1,conditional,66,211,widest member-state coverage; observation count and code tie-break
14.7.1,14,EN_SCP_FSHGDP,Sustainable fisheries as a proportion of GDP,2,conditional,123,615,existing curated representative
14.4.1,14,ER_H2O_FWTL,Proportion of fish stocks within biologically sustainable levels (not overexploited) (%),1,conditional,193,1544,widest member-state coverage; observation count and code tie-break
14.5.1,14,ER_MRN_MPA,Average proportion of Marine Key Biodiversity Areas (KBAs) covered by protected areas (%),1,conditional,142,1562,existing curated representative
14.3.1,14,ER_OAW_MNACD,Average marine acidity (pH) measured at agreed suite of representative sampling stations,2,conditional,44,1641,existing curated representative
14.a.1,14,ER_RDE_OSEX,National ocean science expenditure as a share of total research and development funding (%),1,conditional,40,114,widest member-state coverage; observation count and code tie-break
14.b.1,14,ER_REG_SSFRAR,Degree of application of a legal/regulatory/policy/institutional framework which recognizes and protects access rights for small-scale fisheries (level of implementation: 1 lowest to 5 highest),1,conditional,179,716,widest member-state coverage; observation count and code tie-break
14.6.1,14,ER_REG_UNFCIM,"Progress by countries in the degree of implementation of international instruments aiming to combat illegal, unreported and unregulated fishing (level of implementation: 1 lowest to 5 highest)",1,universal,180,720,widest member-state coverage; observation count and code tie-break
14.c.1,14,ER_UNCLOS_IMPLE,Score for the implementation of UNCLOS and its two implementing agreements (%),1,universal,55,62,widest member-state coverage; observation count and code tie-break
15.3.1,15,AG_LND_DGRD,Proportion of land that is degraded over total land area (%),3,universal,146,292,existing curated representative
15.1.1,15,AG_LND_FRST,Forest area as a proportion of total land area (%),1,universal,193,579,existing curated representative
15.2.1,15,AG_LND_FRSTCERT,Forest area certified under an independently verified certification scheme (thousands of hectares),1,universal,193,1930,widest member-state coverage; observation count and code tie-break
15.a.1;15.b.1,15,DC_ODA_BDVL,"Total official development assistance for biodiversity, by recipient countries (millions of constant 2024 United States dollars)",1,conditional,145,2682,widest member-state coverage; observation count and code tie-break
15.9.1,15,ER_BDY_ABT2NP,Countries that established national targets in accordance with Aichi Biodiversity Target 2 of the Strategic Plan for Biodiversity 2011-2020 in their National Biodiversity Strategy and Action Plans (1 = YES; 0 = NO),1,universal,192,384,widest member-state coverage; observation count and code tie-break
15.6.1,15,ER_CBD_PTYPGRFA,Countries that are contracting Parties to the International Treaty on Plant Genetic Resources for Food and Agriculture (PGRFA) (1 = YES; 0 = NO),1,universal,193,2123,widest member-state coverage; observation count and code tie-break
15.8.1,15,ER_IAS_LEGIS,"Legislation, Regulation, Act related to the prevention of introduction and management of Invasive Alien Species (1 = YES, 0 = NO)",1,universal,192,768,widest member-state coverage; observation count and code tie-break
15.4.2,15,ER_MTN_GRNCOV,Mountain green cover area (square kilometres),1,conditional,193,31818,widest member-state coverage; observation count and code tie-break
15.4.1,15,ER_PTD_MTN,Average proportion of Mountain Key Biodiversity Areas (KBAs) covered by protected areas (%),1,conditional,161,1771,widest member-state coverage; observation count and code tie-break
15.1.2,15,ER_PTD_TERR,Average proportion of Terrestrial Key Biodiversity Areas (KBAs) covered by protected areas (%),1,universal,190,2090,widest member-state coverage; observation count and code tie-break
15.5.1,15,ER_RSK_LST,Red List Index,1,universal,193,2123,existing curated representative
15.7.1;15.c.1,15,ER_WLD_TRPOACH,Proportion of traded wildlife that was poached or illicitly trafficked,1,universal,84,1776,widest member-state coverage; observation count and code tie-break
16.4.1,16,DI_ILL_IN,Total value of inward illicit financial flows,1,universal,7,38,widest member-state coverage; observation count and code tie-break
16.6.1,16,GF_XPD_GBPC,Primary government expenditures as a proportion of original approved budget (%),1,universal,164,1276,widest member-state coverage; observation count and code tie-break
16.5.2,16,IC_FRM_BRIB,Bribery incidence (% of firms experiencing at least one bribe payment request),1,universal,170,222,widest member-state coverage; observation count and code tie-break
16.5.1,16,IU_COR_BRIB,"Prevalence rate of bribery, by sex (%)",1,universal,135,285,widest member-state coverage; observation count and code tie-break
16.7.2,16,IU_DMK_INCL,Proportion of population who believe decision-making is inclusive (%),1,universal,81,399,widest member-state coverage; observation count and code tie-break
16.7.1,16,SG_DMK_PARLSP_LC,"Number of speakers in parliament, by age and sex , Lower Chamber or Unicameral",1,universal,193,970,widest member-state coverage; observation count and code tie-break
16.10.2,16,SG_INF_ACCSS,"Countries that adopt and implement constitutional, statutory and/or policy guarantees for public access to information",1,universal,140,140,widest member-state coverage; observation count and code tie-break
16.a.1,16,SG_NHR_IMPL,Proportion of countries with independent National Human Rights Institutions in compliance with the Paris Principles (%),1,universal,193,2123,existing curated representative
16.9.1,16,SG_REG_BRTH,Proportion of children under 5 years of age whose births have been registered with a civil authority (% of children under 5 years of age),1,universal,180,647,widest member-state coverage; observation count and code tie-break
16.3.3,16,SP_DISP_RESOL,Proportion of the population who have experienced a dispute in the past two years who accessed a formal or informal dispute resolution mechanism (%),1,universal,10,65,widest member-state coverage; observation count and code tie-break
16.6.2,16,SP_PSR_OSATIS_HLTH,Proportion of population who say that overall they are satisfied with the quality of healthcare services (%),1,universal,144,1566,widest member-state coverage; observation count and code tie-break
16.4.2,16,VC_ARM_SZTRACE,"Proportion of seized, found or surrendered arms whose illicit origin or context has been traced or established by a competent authority in line with international instruments",1,universal,43,103,widest member-state coverage; observation count and code tie-break
16.1.2,16,VC_DTH_TOCVN,"Number of conflict-related deaths (civilians), by sex, age and cause of death (Number)",1,conditional,19,1459,existing curated representative
16.2.2,16,VC_HTF_DETVSX,"Detected victims of human trafficking for sexual exploitation, by age and sex (number)",1,universal,178,6736,widest member-state coverage; observation count and code tie-break
16.1.1,16,VC_IHR_PSRC,"Number of victims of intentional homicide per 100,000 population, by sex (victims per 100,000 population)",1,universal,168,3177,existing curated representative
16.3.1,16,VC_PRR_ROBB,"Police reporting rate for robbery in the previous 12 months, by sex (%)",1,universal,75,274,widest member-state coverage; observation count and code tie-break
16.3.2,16,VC_PRS_UNSNT,Unsentenced detainees as a proportion of overall prison population (%),1,universal,168,2583,widest member-state coverage; observation count and code tie-break
16.1.4,16,VC_SNS_WALN_DRK,Proportion of population that feel safe walking alone around the area they live after dark (%),1,universal,88,602,widest member-state coverage; observation count and code tie-break
16.10.1,16,VC_VAW_MTUHRAN,"Countries with at least one verified case of killings of human rights defenders, journalists, and trade unionists (1 = YES, 0 = NO)",1,universal,193,910,widest member-state coverage; observation count and code tie-break
16.2.1,16,VC_VAW_PHYPYV,Proportion of children aged 1-14 years who experienced physical punishment and/or psychological aggression by caregivers in last month (% of children aged 1-14 years),1,universal,103,91,widest member-state coverage; observation count and code tie-break
16.2.3,16,VC_VAW_SXVLN,"Proportion of population aged 18-29 years who experienced sexual violence by age 18, by sex (% of population aged 18-29)",1,universal,73,77,widest member-state coverage; observation count and code tie-break
16.1.3,16,VC_VOV_ROBB,"Proportion of population subjected to robbery in the previous 12 months, by sex (%)",1,universal,83,453,widest member-state coverage; observation count and code tie-break
17.13.1,17,BN_CAB_XOKA_GD_ZS,Current account balance as a proportion of GDP (%),1,universal,184,1703,existing curated representative
17.3.2,17,BX_TRF_PWKR,Volume of remittances (in United States dollars) as a proportion of total GDP (%),1,universal,181,1649,widest member-state coverage; observation count and code tie-break
17.7.1,17,DC_ENVTECH_IMP,Amount of tracked imported Environmentally Sound Technologies (current United States dollars),1,universal,179,1521,widest member-state coverage; observation count and code tie-break
17.9.1,17,DC_FTA_TOTAL,Total official development assistance (gross disbursement) for technical cooperation (millions of 2024 United States dollars),1,universal,147,1356,widest member-state coverage; observation count and code tie-break
17.2.1,17,DC_ODA_TOTL,"Net official development assistance (ODA) from OECD-DAC countries, by donor countries (millions of constant 2024 United States dollars)",1,conditional,50,518,widest member-state coverage; observation count and code tie-break
17.4.1,17,DT_TDS_DECT,"Debt service as a proportion of exports of goods, services and primary income (%)",1,universal,118,1025,widest member-state coverage; observation count and code tie-break
17.1.2,17,GC_GOB_TAXD,Proportion of domestic budget funded by domestic taxes (%),1,universal,176,1191,widest member-state coverage; observation count and code tie-break
17.17.1,17,GF_COM_PPPI,"Amount of United States dollars committed to public-private partnerships for infrastructure, million USD nominal",1,universal,127,757,widest member-state coverage; observation count and code tie-break
17.3.1,17,GF_FRN_FDI,Foreign direct investment (FDI) inflows (millions of United States dollars),1,universal,188,1842,widest member-state coverage; observation count and code tie-break
17.1.1,17,GR_G14_GDP,Total government revenue (budgetary central government) as a proportion of GDP (%),1,universal,176,1197,existing curated representative
17.18.1,17,IQ_SPI_PIL5,Data Infrastructure performance index (Statistical Performance Indicators Pillar 5) (Index),1,universal,189,1694,widest member-state coverage; observation count and code tie-break
17.6.1,17,IT_NET_BBND,"Fixed broadband subscriptions per 100 inhabitants, by speed (per 100 inhabitants)",1,universal,192,5948,widest member-state coverage; observation count and code tie-break
17.8.1,17,IT_USE_ii99,Proportion of individuals using the Internet (%),1,universal,192,3324,existing curated representative
17.5.1,17,SG_CPA_OFDI,"Number of countries with an outward investment promotion scheme which can benefit developing countries, including LDCs (1 = YES, 0 = NO)",1,universal,184,2720,widest member-state coverage; observation count and code tie-break
17.14.1,17,SG_CPA_SDEVP,Mechanisms in place to enhance policy coherence for sustainable development (%),1,universal,55,85,widest member-state coverage; observation count and code tie-break
17.16.1,17,SG_PLN_MSTKSDG_R,"Number of countries reporting progress in multi-stakeholder development effectiveness monitoring frameworks that support the achievement of the sustainable development goals, Recipient (1 = YES; 0 = NO)",1,universal,83,163,widest member-state coverage; observation count and code tie-break
17.15.1,17,SG_PLN_RECNDI,Proportion of project objectives in new development interventions drawn from country-led result frameworks - data by recipient (%),1,universal,95,185,widest member-state coverage; observation count and code tie-break
17.19.2,17,SG_REG_CENSUSN,Countries that have conducted at least one population and housing census in the last 10 years (1 = YES; 0 = NO),5,universal,163,163,widest member-state coverage; observation count and code tie-break
17.19.1,17,SG_STT_CAPTY,Dollar value of all resources made available to strengthen statistical capacity in developing countries (current United States dollars),1,universal,193,1737,widest member-state coverage; observation count and code tie-break
17.18.2,17,SG_STT_FPOS,Countries with national statistical legislation exists that complies with the Fundamental Principles of Official Statistics (1 = YES; 0 = NO),1,universal,193,1351,widest member-state coverage; observation count and code tie-break
17.18.3,17,SG_STT_NSDSFDDNR,Countries with national statistical plans with funding from donors (1 = YES; 0 = NO),1,universal,193,1351,widest member-state coverage; observation count and code tie-break
17.12.1,17,TM_TAX_DMFN,"Average tariff applied by developed countries, most-favored nation status, by type of product (%)",1,universal,188,11430,widest member-state coverage; observation count and code tie-break
17.10.1,17,TM_TAX_WMFN,"Worldwide weighted tariff-average, most-favoured-nation status, by type of product (%)",1,universal,155,8733,widest member-state coverage; observation count and code tie-break
17.11.1,17,TX_EXP_GBMRCH,Developing countries’ and least developed countries’ share of global merchandise exports (%),1,universal,190,1900,widest member-state coverage; observation count and code tie-break
